time,mode,battery_level,battery_state,thermal_state,frames,base_draws,cache_hits,fixes,cpu_s
2026-10-05T19:33:23Z,recording,0.90,unplugged,nominal,0,0,0,0,0.000
2026-10-05T19:34:23Z,recording,0.90,unplugged,nominal,0,0,0,30,0.158
2026-10-05T19:35:23Z,recording,0.90,unplugged,nominal,0,0,0,21,0.019
2026-10-05T19:36:23Z,recording,0.90,unplugged,nominal,0,0,0,3,0.010
2026-10-05T19:37:23Z,recording,0.90,unplugged,nominal,0,0,0,35,0.031
2026-10-05T19:38:23Z,recording,0.90,unplugged,nominal,0,0,0,30,0.025
2026-10-05T19:39:23Z,recording,0.90,unplugged,nominal,0,0,0,31,0.027
2026-10-05T19:40:23Z,recording,0.90,unplugged,nominal,0,0,0,30,0.027
2026-10-05T19:41:23Z,recording,0.90,unplugged,nominal,0,0,0,29,0.027
2026-10-05T19:42:23Z,recording,0.90,unplugged,nominal,0,0,0,30,0.025
2026-10-05T19:43:23Z,recording,0.90,unplugged,nominal,0,0,0,33,0.027
2026-10-05T19:44:23Z,recording,0.90,unplugged,nominal,0,0,0,30,0.025
2026-10-05T19:45:23Z,recording,0.90,unplugged,nominal,0,0,0,29,0.023
2026-10-05T19:46:23Z,recording,0.90,unplugged,nominal,0,0,0,30,0.026
2026-10-05T19:47:23Z,recording,0.90,unplugged,nominal,0,0,0,32,0.025
2026-10-05T19:48:23Z,recording,0.90,unplugged,nominal,0,0,0,34,0.028
2026-10-05T19:49:23Z,recording,0.90,unplugged,nominal,0,0,0,36,0.031
2026-10-05T19:50:23Z,recording,0.90,unplugged,nominal,0,0,0,30,0.026
2026-10-05T19:51:23Z,recording,0.90,unplugged,nominal,0,0,0,32,0.027
2026-10-05T19:52:23Z,recording,0.90,unplugged,nominal,0,0,0,34,0.027
2026-10-05T19:53:23Z,recording,0.90,unplugged,nominal,0,0,0,34,0.026
2026-10-05T19:54:23Z,recording,0.90,unplugged,nominal,0,0,0,30,0.024
2026-10-05T19:55:23Z,recording,0.90,unplugged,nominal,0,0,0,31,0.025
2026-10-05T19:56:23Z,recording,0.90,unplugged,nominal,0,0,0,29,0.024
2026-10-05T19:57:23Z,recording,0.90,unplugged,nominal,0,0,0,32,0.027
2026-10-05T19:58:23Z,recording,0.90,unplugged,nominal,0,0,0,40,0.031
2026-10-05T19:59:23Z,recording,0.90,unplugged,nominal,0,0,0,32,0.027
2026-10-05T20:00:23Z,recording,0.90,unplugged,nominal,0,0,0,35,0.027
2026-10-05T20:01:23Z,recording,0.90,unplugged,nominal,0,0,0,30,0.026
2026-10-05T20:02:23Z,recording,0.90,unplugged,nominal,0,0,0,35,0.028
2026-10-05T20:03:23Z,recording,0.90,unplugged,nominal,0,0,0,35,0.028
2026-10-05T20:04:23Z,recording,0.90,unplugged,nominal,0,0,0,59,0.042
2026-10-05T20:05:23Z,recording,0.90,unplugged,nominal,0,0,0,60,0.050
2026-10-05T20:06:23Z,recording,0.90,unplugged,nominal,0,0,0,56,0.047
2026-10-05T20:07:23Z,recording,0.90,unplugged,nominal,0,0,0,58,0.049
